n_train,opt_method,signal_noise,length_scale,dgl_parameter
5,CG,2.1249703845580914,1.9015705898327646,1.1817351679248644
5,CG,2.1139017652675984,1.9412124920854674,1.0248603303071748
5,CG,1.6993622945131646,2.2769509979855598,1.1350194349975216
5,CG,1.5734754817103285,2.301705421015094,1.0908850812764956
5,CG,1.5582017605379652,2.1348886603445796,0.997641979475753
5,CG,1.4600346246539935,1.9078493674392245,1.088838921092737
5,CG,1.1417821051810442,1.9082967664559143,1.2009418672662917
5,CG,0.9832946562567065,1.8375675997659888,1.2011273727960747
5,CG,0.9808953842768393,1.685242460220899,1.1407801710294396
5,CG,0.9650595185696453,1.5771992761023177,1.2371518187425077
5,CG,0.897125762851058,1.5605062189243502,1.2828562216238668
5,CG,0.8510300810593732,1.5227776047522439,1.2681992244869051
5,CG,0.8538755300330934,1.5067844650768774,1.27155288382927
5,CG,0.8479362301746606,1.4973645840815069,1.286966395278705
5,CG,0.8392407106122842,1.4929276693859976,1.2877217658476183
5,CG,0.8382295241012626,1.4891985783701849,1.2867033721704284
5,CG,0.8383110375214616,1.4880199383664052,1.2880989387853679
5,CG,0.8377103981889543,1.4878614850315797,1.2885980971613669
5,CG,0.8371270472082084,1.4872599310825114,1.2884942425371875
5,CG,0.8371607106868321,1.487056214990478,1.288575372979247
5,CG,0.8371186867386667,1.4870077257976633,1.2887189200409546
5,CG,0.8370551858245842,1.4869809563406717,1.2887216404105284
5,CG,0.8370404105385176,1.4869385772034527,1.2887161213358458
5,CG,0.8370379639931653,1.486918906559313,1.288739649578193
5,CG,0.8370312477041189,1.4869182595706933,1.2887439966630279
5,CG,0.837026644562895,1.4869139310098798,1.288742112332353
5,CG,0.8370267683101257,1.4869114727077217,1.288743057799064
5,CG,0.8370258051454694,1.4869104327256641,1.2887450596116226
5,CG,0.837024962136753,1.4869100494528866,1.2887449962240203
8,CG,1.7559077922949022,2.245633334529125,1.0120116579950216
8,CG,1.7521943793247559,2.2396668903332904,0.991859677192148
8,CG,1.5594869764016082,2.001525061721709,1.0030798683142097
8,CG,1.4628851976871509,1.9552862079833675,0.9813854103204349
8,CG,1.2209431980057124,1.8688950105754998,0.9889944531579598
8,CG,1.2195093062307838,1.8709177940898294,0.9994039962179259
8,CG,1.2070163325988235,1.887617393483118,0.9985692990644787
8,CG,1.2071765558588128,1.8878230695424876,0.9987983488107758
8,CG,1.2123186452924881,1.893504049738005,0.998603039165325
8,CG,1.2130171946093886,1.8933065911826115,0.9984596988718734
8,CG,1.2133735133861685,1.893191329564883,0.9985957555915834
8,CG,1.2134097428666288,1.893277941076118,0.9986025464853021
8,CG,1.2134263003642471,1.8933061422018436,0.9985925770093681
8,CG,1.2135309947568218,1.8933473627645585,0.9985928556969954
8,CG,1.2135311003790274,1.893347837869424,0.9985936752414256
8,CG,1.213530500626402,1.8933501163037494,0.9985935470465135
8,CG,1.2135305619129142,1.8933504963167325,0.9985933187926757
8,CG,1.2135309663523852,1.8933524518790223,0.9985934450682814
8,CG,1.2135335649220438,1.8933539859682078,0.998593422206569
10,CG,3.927571611654975,0.9510084825811185,-1.0912597122406873
10,CG,3.932699951073139,0.9273203692670341,-1.0949999928426328
10,CG,3.863066358753697,0.9056774610592849,-1.0438777349757682
10,CG,0.7664570297837408,0.8828538629943735,1.1715056572761144
10,CG,0.6513604769343313,1.4299008844084233,0.9732411816320984
10,CG,0.7966632608033206,1.7205749431116562,1.0288081905639384
10,CG,0.9097843424627841,1.7601441904053852,0.9734395396243872
10,CG,1.0999791181918894,1.788498703298958,1.0147490582112912
10,CG,1.156542811771245,1.796087348033745,0.9966226449440622
10,CG,1.256925231239504,1.8171521493397194,0.9985575729752999
10,CG,1.255584843678305,1.822839070883336,1.006649830025868
10,CG,1.2437832757448923,1.8786765204539826,1.0032400814580895
10,CG,1.3058426572949438,1.9126080623076085,0.9975075589776264
10,CG,1.3373309720735107,1.9301420987822897,1.0029563987235772
10,CG,1.343240365391122,1.935195580774471,1.002437759756774
10,CG,1.344174394022444,1.936458782974234,1.0027252470771375
10,CG,1.34453776060893,1.9379672372179566,1.002500028315903
10,CG,1.344475350274767,1.938355338426862,1.0026388309480792
10,CG,1.3441193018205417,1.9388597792381361,1.0025333243556884
10,CG,1.3439423955546421,1.9389518833107597,1.002595295032133
10,CG,1.343080053522873,1.938759956697458,1.0024683579919489
10,CG,1.3421517825367448,1.938443564210862,1.0025934180554579
10,CG,1.3406880262881757,1.9369499135724693,1.0024666988241908
10,CG,1.3401257910359052,1.936341968935683,1.0025899229611528
10,CG,1.3401353890316876,1.9363362623842424,1.0026055812859969
10,CG,1.340240854620836,1.9362744298845904,1.0026021504234863
10,CG,1.3404668371862662,1.9364447971558485,1.0026002208287437
12,CG,1.5833027630287821,2.340030752850806,0.8945132102520879
12,CG,1.7367532773819168,2.2241703442069514,0.9970038828864712
12,CG,1.7466808811325898,2.074429901861022,0.9978577794178985
12,CG,1.7426777900154742,2.0713258465295827,1.0017290585300755
12,CG,1.4521915671536658,1.9810862275780483,0.9885231050682531
12,CG,1.388676529507378,1.9604651110343996,0.9953749337354939
12,CG,1.389744395386091,1.958690404867304,1.0007618832666259
12,CG,1.4072734278485504,1.9287368728809045,1.0006362704368088
12,CG,1.4072010915434212,1.9286989818310998,1.0005857102946358
12,CG,1.4050506013154074,1.9275929100917721,1.0006215923612913
12,CG,1.4050468403289385,1.9275779017492072,1.0006375815511834
12,CG,1.4050046409791213,1.9274193210461155,1.0006351575809873
12,CG,1.4049888403443542,1.927412085020412,1.0006246491790582
12,CG,1.4045259671550094,1.927202876448237,1.0006321969891372
12,CG,1.4045270585335996,1.9271923811908482,1.000637790919789
12,CG,1.404531305536224,1.9271427776149652,1.00063443052159
12,CG,1.4044200012796584,1.9270867474596636,1.0006348412975445
14,CG,1.4797584083197122,2.395959905526442,0.9094166552173579
14,CG,1.6244443205720955,2.2759354700826684,1.0124420476826945
14,CG,1.670915624951042,2.2129627201745863,0.9835369174322052
14,CG,1.755093678191945,2.0823362454389924,1.0024136803316193
14,CG,1.7544254582095147,2.0735661796204754,0.9997940347110751
14,CG,1.7436143008424057,2.0407526499085917,1.003631150465853
14,CG,1.7322671842359103,2.0226127199598642,1.0005158521094661
14,CG,1.6836098653480873,1.973220189723564,1.0050966618768744
14,CG,1.626207169070556,1.9297718027217363,0.9989128712152181
14,CG,1.5534550741170652,1.882838884050992,1.0005194607483097
14,CG,1.549383151217582,1.8891789698981238,1.0067943486552489
14,CG,1.513047795478655,1.944895400133583,1.0043499119766894
14,CG,1.5125138038053627,1.9452036923530887,1.0022649009736508
14,CG,1.4955033585332824,1.9553502928217874,1.0022981639444979
14,CG,1.4900883958080382,1.9524191529707005,1.001134506275795
14,CG,1.4623684813808637,1.936449553976461,1.0021594242220837
14,CG,1.4623964828132054,1.936243202929406,1.0024480206977315
14,CG,1.4627882526502154,1.9331410431666538,1.0024081229903306
14,CG,1.4625411297448319,1.9329176894815063,1.0022814204908703
14,CG,1.4578130232797193,1.9287484846459946,1.0024282286946204
14,CG,1.4556943205964719,1.928848295274294,1.0024067246104704
14,CG,1.455690536467778,1.9288492964507264,1.0024180112882204
14,CG,1.4556884094458613,1.9288669969572976,1.0024176498948247
14,CG,1.4556908742458001,1.9288683965477056,1.0024184252888901
14,CG,1.45572373483915,1.9288854575048298,1.002417611554823
14,CG,1.455724181610505,1.9288851524823454,1.002417715614138
14,CG,1.455724574878297,1.9288848536103727,1.0024176287828057
16,CG,1.4046224274714247,2.4407269612345073,0.889937025522286
16,CG,1.6011192653836646,2.2797065104716325,1.0036398079252602
16,CG,1.6416575342742195,2.228564769153914,0.9751315530930037
16,CG,1.723589738695219,2.1078862468597066,0.9890109536007047
16,CG,1.723125389547648,2.1050007924275476,0.9922541597858915
16,CG,1.711002037393165,2.0329459075974903,0.9897313372690976
16,CG,1.7087445894755973,2.0270466020701186,0.9922205864925502
16,CG,1.545882704594675,1.931809808864677,0.990374890170049
16,CG,1.536472758517773,1.9281559386599845,0.9930402391050178
16,CG,1.4776154247861346,1.9281557487516627,0.9923442156180242
16,CG,1.4777445688704816,1.9290620788553885,0.9917652223750079
16,CG,1.4796293169472792,1.9412985667894647,0.9921000759598148
16,CG,1.4815873785811409,1.9430377010764595,0.991615823987064
16,CG,1.4903017708125272,1.9493650446054969,0.9924307419229152
16,CG,1.4976545024056402,1.954015940397118,0.9918637862401598
16,CG,1.5067239157210974,1.9567270132474373,0.9924819307029046
16,CG,1.5114197152646411,1.9579563513913487,0.9922425454972166
16,CG,1.5114408480947337,1.9578114444654027,0.991912936676611
16,CG,1.5119779269203821,1.9537665148036334,0.9920100097950987
16,CG,1.5051577937375853,1.9505678359015988,0.9919484374128897
16,CG,1.5050090400632017,1.9505004023714974,0.9920235391660381
16,CG,1.5049603653520287,1.9505094277401807,0.9920228911449662
16,CG,1.5049603627984092,1.9505094057803907,0.9920227586611722
16,CG,1.5049602286228023,1.9505085610228141,0.9920227704276492
18,CG,1.3110349644443444,2.4934700960406557,0.9537284612108667
18,CG,1.3775752467305493,2.4089072050296076,1.0232193372000347
18,CG,1.497802807917274,2.2371717347476388,0.9971614675973195
18,CG,1.5966502523508004,2.034823145240892,0.9784497342581142
18,CG,1.6248564481879668,1.9761848794079497,0.9992562078387607
18,CG,1.6242893970778514,1.9763959058038287,1.0006317070425397
18,CG,1.5880325667272408,1.9886637936684748,0.9996689161696916
18,CG,1.586114399271652,1.9886548308322487,1.000491670409304
18,CG,1.5525579821175068,1.9622710053711387,0.9991883662555064
18,CG,1.5457400232711989,1.956719041490755,1.0010484188044577
18,CG,1.5334682181413795,1.9463743598457057,1.001715968494817
18,CG,1.52711636089626,1.9410438672815395,1.0006872409274765
18,CG,1.5270575756829834,1.9411036866401647,1.0005281113001299
18,CG,1.5256820238258855,1.9425098971751122,1.0005380429413322
18,CG,1.5255434018503624,1.9425240002145767,1.0005918172633852
18,CG,1.5238345225619256,1.9426713538917648,1.0005385530130846
18,CG,1.5219395593310532,1.9410904708674293,1.0005550397389866
18,CG,1.5219395970967673,1.9410871839088053,1.0005478633333005
18,CG,1.5219391796186537,1.9409872325292763,1.0005497974147397
18,CG,1.5219095349170513,1.9409743083389457,1.0005554260694594
18,CG,1.521754972883641,1.94090621759131,1.0005517761281613
18,CG,1.5217548603562279,1.9409057615365661,1.0005501357916085
18,CG,1.5217479266197902,1.9408808489346798,1.0005504695861218
18,CG,1.5217060413885426,1.9408653837486192,1.0005504697667809
18,CG,1.521705696595537,1.9408654909188685,1.0005506336866574
18,CG,1.5217007149590918,1.9408669483793495,1.0005504340732128
18,CG,1.5217003443586206,1.940866912257258,1.000550502780076
18,CG,1.5216997485715529,1.940866266559295,1.0005503488047083
18,CG,1.521698452855782,1.9408645458573777,1.0005507024942162
18,CG,1.521696471990339,1.9408618466664105,1.0005507614126667
18,CG,1.5216962644957304,1.9408615851016342,1.000550508664636
20,CG,1.2561601558793258,2.5251958414582707,0.9598629204360787
20,CG,1.3160771530760824,2.438775113091151,1.024425162726678
20,CG,1.567471487924132,2.059524792783753,0.9750347079681358
20,CG,1.6045856266854734,2.002408144220841,0.999499176207386
20,CG,1.6250011086899392,1.9672861000180533,0.9971210957990254
20,CG,1.625028119299445,1.9669948646047963,0.997210428392694
20,CG,1.62338311191096,1.9670560473533236,0.997908934649317
20,CG,1.5871154703187496,1.9679575608071185,0.9972291397449133
20,CG,1.5522363255048486,1.9371610806801465,0.9961189988728683
20,CG,1.5471005050988043,1.932653441625246,0.9970505569052536
20,CG,1.5471061061485842,1.932729565182965,0.9974514143292718
20,CG,1.5473393106633242,1.9350669015617188,0.9974238326588252
20,CG,1.5483051554278986,1.9360319268468695,0.9972243964722831
20,CG,1.5517842644561366,1.9394626827076176,0.9973931330823061
20,CG,1.5556906353712743,1.9397381368049758,0.9973830125781324
20,CG,1.5557002094448225,1.9397380750879438,0.997398280292103
20,CG,1.5557039263672041,1.9397019045136858,0.9973983955856146
20,CG,1.555703031852172,1.9397013607517595,0.9973989881769684
20,CG,1.5556364205532633,1.9396706559142203,0.9973986640524825
20,CG,1.5556359447566699,1.9396712965013034,0.9973988196415197
20,CG,1.5556354173750415,1.9396720276096653,0.9973987089137407
20,CG,1.555635414712579,1.9396720380836556,0.9973986576831073
25,CG,1.1602764349515238,2.5742165139521083,0.9710519541473599
25,CG,1.4007431774464767,2.230538271833017,1.0437317913371607
25,CG,1.4804812100195202,2.1141219569012515,0.9828433277953571
25,CG,1.598729735424416,1.934309306084346,1.000293895115393
25,CG,1.6084001963649006,1.919474734370268,0.9960042974008481
25,CG,1.6081468962992245,1.9198167990052242,0.994567884104203
25,CG,1.5944533993209669,1.9385169083485134,0.9945377740680936
25,CG,1.5900115545844395,1.936495139091453,0.9940317310612173
25,CG,1.5715576132349613,1.9280025902090798,0.99460816968512
25,CG,1.5710622691063445,1.927737055409048,0.9945568930314409
25,CG,1.5706241392146232,1.9266446682313951,0.9946098985484041
25,CG,1.5705738266129237,1.9264863412470838,0.9945593380287058
25,CG,1.570542381657804,1.9261753148641767,0.9945608096385494
25,CG,1.5705472417002397,1.92617487981026,0.9945727087639975
25,CG,1.571153747275885,1.9261146372186815,0.99457260938918
25,CG,1.5718266732353452,1.9266627753663694,0.9945701284244284
25,CG,1.5718267579074312,1.9266627690530804,0.9945700702928979
25,CG,1.5718263623048334,1.9266572588947233,0.994570092505813
25,CG,1.5718261215496239,1.9266571477233039,0.9945701925560959
25,CG,1.5718149832302797,1.9266529005444566,0.9945701161253852
30,CG,1.099000953975482,2.6072884801285436,0.9823014330906548
30,CG,1.3674428289651603,2.2440429222964604,0.9844743400338708
30,CG,1.3730843803160278,2.235047977077909,1.0005828396642438
30,CG,1.4722620472958738,2.074926834053014,0.9946215238145834
30,CG,1.4784893810713302,2.064528490460686,1.0032035601396183
30,CG,1.5360997069171993,1.9669605979720264,1.0131283762687795
30,CG,1.5686994773250151,1.9117021322119965,1.0002237448224973
30,CG,1.5710077329695515,1.90839070257771,1.0005522081527172
30,CG,1.5714590445942571,1.9080509824186622,1.0004682606586128
30,CG,1.5733429896629214,1.9082107732435094,1.0007879546499983
30,CG,1.5834786269084964,1.9094696317921052,1.0005770319077174
30,CG,1.583489838875279,1.9097771426227108,1.0003678181637792
30,CG,1.583806712570487,1.9176040858364418,1.000465176414566
30,CG,1.6029860424701763,1.9250755764114462,1.0002374214118934
30,CG,1.6038359069319599,1.9254066246395203,1.0003867520484557
30,CG,1.60382606792537,1.9254024720554792,1.0004519527835323
30,CG,1.5994103141528193,1.9233463847973642,1.0004553825113935
30,CG,1.599396070551133,1.923373894355265,1.0004539522705127
30,CG,1.5993945531618103,1.9233768920158187,1.0004551599805367
30,CG,1.5994022083016843,1.9233821333979613,1.0004550798157066
30,CG,1.5994023894529776,1.9233822263946792,1.0004551484264683
30,CG,1.5994043681565384,1.9233818239960105,1.0004551475797154
35,CG,1.0537314862526221,2.631394890908971,0.9784254126852057
35,CG,1.525631689149444,2.0159939189967373,1.006492480809952
35,CG,1.5270583433849703,2.013738757354219,0.9971701587326043
35,CG,1.5872725720230332,1.9101324648568756,0.9980749991663758
35,CG,1.587324707152194,1.9101712564394742,0.9983076572938818
35,CG,1.6034925082875913,1.921749450396628,0.9981678365976322
35,CG,1.6037636570629763,1.9218812648530899,0.9983156242390729
35,CG,1.606028391559576,1.9224989443245657,0.9985338763157602
35,CG,1.6152655536248903,1.924926108317978,0.9983174683804827
35,CG,1.6152715041279475,1.9249239565121683,0.9982647671813345
35,CG,1.616189678954695,1.9246327148861122,0.9982681061805001
35,CG,1.6174937419438875,1.9255253027583146,0.9982611547597829
35,CG,1.6174981164665287,1.9255289409686436,0.9982661604778817
35,CG,1.6175526792320587,1.9256042527460158,0.9982707301096252
35,CG,1.6176014814131905,1.9256709637349045,0.9982640907388314
35,CG,1.6176041593383184,1.9256741600054186,0.9982642096934958
35,CG,1.617604768948387,1.9256736077133867,0.9982653261321505
35,CG,1.617641732800402,1.9256401127358798,0.9982651604324413
35,CG,1.617656794995181,1.9256497530145953,0.9982635342522269
35,CG,1.6177201708031204,1.9256903718319207,0.9982648853047487
35,CG,1.6177202501978467,1.9256902414947816,0.998265079852401
35,CG,1.6177244712515875,1.9256833012767596,0.9982650449962054
45,CG,0.9994516535072318,2.6620253546227044,0.9718022229247767
45,CG,1.5691023584084114,1.9590403260306868,1.0918532967004482
45,CG,1.8076631542452428,1.6642262643727619,1.004893442163553
45,CG,1.8068365900383225,1.6662791250376237,0.9959458078010389
45,CG,1.7915809013812443,1.704178870104192,0.9860630707469302
45,CG,1.709654364012741,1.907260040458125,0.9887937981292114
45,CG,1.7094377667653657,1.9075531645894397,0.994722159776599
45,CG,1.6853223969555748,1.9384576552173929,0.9956459156919588
45,CG,1.6830349204141917,1.9412608791365493,0.9945642210131871
45,CG,1.6627584687897923,1.9412369048293294,0.9947455137398937
45,CG,1.6616771813227342,1.9410793431046802,0.9944678529881111
45,CG,1.641673795877602,1.93333090632241,0.9939301572620546
45,CG,1.6302681910395713,1.9287562508387517,0.9945772789478632
45,CG,1.6318316417911813,1.9163946157288294,0.9946316437378372
45,CG,1.6318311556996625,1.9163941481467535,0.9946259755972034
45,CG,1.6315719188581943,1.9163630519398136,0.9946258446639025
45,CG,1.6315170120413491,1.9162967555199533,0.9946296905057418
45,CG,1.6314817587450414,1.9162537426692765,0.9946262062577713
60,CG,0.8837275183154316,2.7359133344875164,1.1038351575820564
60,CG,0.91767264212803,2.6968978333040345,0.9764901617507356
60,CG,1.277454792356179,2.2856720479274997,1.038019869099015
60,CG,1.3219149583887464,2.233181090801671,0.9917686377677515
60,CG,1.6421657163057874,1.8194424917229683,1.0094547256587882
60,CG,1.6595410526213832,1.7971892596256316,1.0026787655433527
60,CG,1.659271079754158,1.79786820787225,0.9996164505925651
60,CG,1.6119816978328094,1.917245786333331,0.9995233977971675
60,CG,1.6119854421751527,1.9172655956106137,0.9994908491241217
60,CG,1.6123359493500826,1.9167891154248728,0.9992387097525934
60,CG,1.6208764745586948,1.9052183801679647,0.9994970617480701
60,CG,1.6212104972767574,1.9052161089043613,0.999431915149673
60,CG,1.6276602387185521,1.9053877829094454,0.9995027961236491
60,CG,1.6286891420311858,1.90590077795624,0.9994018475354723
60,CG,1.6338751751238343,1.9086246134727076,0.9994692904910396
60,CG,1.633865142045281,1.908652267320701,0.9995069591774803
60,CG,1.6328221787627755,1.91152753782667,0.9994825436567241
60,CG,1.6328231595890128,1.9115292219286244,0.9994837345658244
60,CG,1.6330439434089168,1.9114173961777836,0.9994737916051868
60,CG,1.6331276836696316,1.9113761934318176,0.9994878442163684
60,CG,1.6332449816729204,1.9113232173289072,0.9994887724048659
60,CG,1.6332515903076597,1.9113216166049234,0.9994842308932251
60,CG,1.6335339393904644,1.9116041087769184,0.9994832433515489
60,CG,1.6335349715333045,1.9116044599674586,0.9994844153122177
60,CG,1.633698166805593,1.9116468846770587,0.9994913873585999
60,CG,1.6338524974079314,1.9116871611205386,0.9994867271031876
60,CG,1.6338525430116617,1.9116874458365862,0.9994839106592939
60,CG,1.6338615036770772,1.9117468557421526,0.9994837731061555
60,CG,1.6339877654385664,1.9117891843368238,0.9994837311422202
60,CG,1.633987768730961,1.911789191210428,0.999483741216865
60,CG,1.633987341798344,1.9117892544165342,0.9994838376142149
60,CG,1.6339850963396034,1.911789581179385,0.9994839398666729
60,CG,1.6339830089648673,1.9117898728568095,0.9994837054156512
60,CG,1.6339813291876983,1.9117900304441084,0.9994837417504753
60,CG,1.6339805718105644,1.9117898439621641,0.999483687917398
60,CG,1.6339778170822281,1.9117890740174952,0.9994837813952745
60,CG,1.6339762389344077,1.9117885921885116,0.9994837387556672
60,CG,1.633976653068153,1.9117872452876177,0.9994836728713683
60,CG,1.6339767909057175,1.911786790999365,0.999483776551904
60,CG,1.6339769889921871,1.911786121514631,0.9994838004129063
60,CG,1.633977043835379,1.9117859298191582,0.9994837517189076
60,CG,1.6339770416167243,1.911785927527387,0.9994837438593909
90,CG,0.8369583763490753,2.76505195175735,1.0773091160983737
90,CG,0.8656707152056073,2.7335724038925426,0.9821395233897451
90,CG,1.1154814912059565,2.4591582676825117,1.0199171342935547
90,CG,1.1348113403213187,2.435863805351382,0.990143322649688
90,CG,1.5239271772045901,1.9358203582103202,0.995845901480434
90,CG,1.5241216486009868,1.9355432112996862,1.000933259147914
90,CG,1.5244256003622942,1.935099309088445,1.0018156936435965
90,CG,1.5753235456511232,1.860603805756633,1.0017422699005774
90,CG,1.5754049482796406,1.8605989990626877,1.0018061832405925
90,CG,1.5962719172883628,1.8670860240549472,1.0012645885662639
90,CG,1.6108750127041414,1.8716731329951937,1.0017796732249513
90,CG,1.61614993971429,1.8745863512035237,1.0016532764491535
90,CG,1.6191469416758462,1.8763005711442649,1.0017738043349806
90,CG,1.621845116592937,1.8787085826853447,1.0016930527449586
90,CG,1.6229885372986066,1.879797533233125,1.0017945279490708
90,CG,1.625673542102291,1.882609450022274,1.0017833203244353
90,CG,1.6256505650201254,1.8826293174564492,1.0017418138703393
90,CG,1.6213777481418328,1.8863271273322115,1.0017466838945301
90,CG,1.614093132200285,1.8821385034417872,1.0017020760217683
90,CG,1.6137470958583886,1.8819391362645885,1.0017517737079809
90,CG,1.613717349841722,1.8818490929830787,1.0017514206748248
90,CG,1.6137171094555787,1.8818480636697728,1.0017519121727694
90,CG,1.6137284314840146,1.8818387914129222,1.0017518527506584
90,CG,1.6137286602188476,1.8818387493492739,1.0017520014234687
90,CG,1.6137339139326488,1.8818385140539788,1.0017524662664132
90,CG,1.6137563020105024,1.8818376306870654,1.0017521029170016
90,CG,1.6137563217806727,1.8818376975867666,1.0017519133355914
90,CG,1.613763371996225,1.881861661526589,1.0017518912240044
90,CG,1.6138064822364875,1.8818754214651114,1.0017515574654299
90,CG,1.6138092282459953,1.8818762960126862,1.0017518383705026
90,CG,1.613809224304618,1.8818762935071676,1.0017518846847702
90,CG,1.6138041988231908,1.8818729617491436,1.0017518881888146
120,CG,0.8012771176702329,2.7906308887244435,1.058991671868947
120,CG,0.8303156670614413,2.76002910445676,0.9703857861777485
120,CG,1.032484271144568,2.545818009429274,1.0007553669544644
120,CG,1.0468927828322234,2.5274469728161373,0.9816516177983698
120,CG,1.6129394158897172,1.8036975808998639,1.0512923315063119
120,CG,1.9722873603847098,1.3444136613122377,1.004484990105177
120,CG,1.9717104677391566,1.3463584106416144,0.9979178631485737
120,CG,1.8258427098719732,1.8369023529186213,1.0015547385659398
120,CG,1.8231637708505626,1.8454187295031828,0.9974266865430425
120,CG,1.8008610826442042,1.902354227271066,0.9949325872830075
120,CG,1.7785268547162514,1.9588221350558357,0.9987629984582163
120,CG,1.777870079086805,1.9604461820124837,0.9987358723734641
120,CG,1.7777952416411675,1.960401528261053,0.9978745443975147
120,CG,1.7775817616199756,1.960278429640003,0.9976810882402365
120,CG,1.658533116360273,1.8918795258510401,0.9978341160631156
120,CG,1.6584158096076538,1.8919337066605022,0.9979271307352178
120,CG,1.6430224169623777,1.8990033097614052,0.9977922462182566
120,CG,1.6427504592742463,1.8990886951260884,0.9978885485867026
120,CG,1.641959766191089,1.8992431692885658,0.9979611424687308
120,CG,1.6391321821158509,1.8997161651923602,0.997759370955917
120,CG,1.6332805931211805,1.9005567096008051,0.9978921757927913
120,CG,1.6308776707430541,1.9008132524498147,0.9977970353363478
120,CG,1.6284978527523644,1.900996234084292,0.9978050213245893
120,CG,1.6284931665378528,1.9009323930525015,0.9978726867455564
120,CG,1.627634166812631,1.8893188344624483,0.9978639511987268
120,CG,1.6275216410218882,1.889283665999484,0.9978214295290785
120,CG,1.6061084110914468,1.8825969319986566,0.9978635586781065
120,CG,1.6059921866799767,1.882437714292097,0.9978331900001772
120,CG,1.6039266295478944,1.8793842811491557,0.9978795142589053
120,CG,1.6038554845849875,1.8792749224150809,0.9978656062423974
120,CG,1.603942275547121,1.8788572080525923,0.9978730722951491
120,CG,1.6039507093225671,1.8788225753088852,0.997866428140672
120,CG,1.6042131269433957,1.8786938221623752,0.9978703374232232
120,CG,1.6042328528666254,1.8786857261607806,0.9978658099188108
120,CG,1.6043904907040427,1.878649240750195,0.9978615627394656
120,CG,1.6045133173517878,1.8786231532234938,0.997868835602473
120,CG,1.6045547278715941,1.878616565890444,0.9978684895622476
120,CG,1.604555152623904,1.8786193806480018,0.9978657369662086
120,CG,1.604626069200821,1.8790874517725407,0.997866159356109
120,CG,1.604629493134911,1.8790885479291282,0.9978678063612904
120,CG,1.605584626279564,1.8793939120260146,0.9978663273901343
120,CG,1.6056127035320398,1.8795298741704491,0.9978664941678853
120,CG,1.6056127943121168,1.8795303170454642,0.997866124018263
150,CG,0.7794526312181356,2.8066908350989257,1.0488755109500598
150,CG,0.8138430946163295,2.7712648809797615,0.9562502953923883
150,CG,0.9938039591358371,2.5846516128263795,0.9403058777092629
150,CG,1.0251076060098028,2.5509876806957,1.002818898157143
150,CG,1.3048304359465284,2.2137871174707007,1.0119834967752959
150,CG,1.3090429450013565,2.2083302775429154,1.0000210336603035
150,CG,1.545222252406174,1.855649065971438,1.002829023998929
150,CG,1.5458001563511212,1.8547998112107267,1.0017561214425785
150,CG,1.5458328218811919,1.8547699574655927,1.0016483124639308
150,CG,1.5576388368155227,1.8440372905162334,1.0016831415784997
150,CG,1.5585913427923563,1.8445501430807985,1.0015763791009953
150,CG,1.5761778695396713,1.8541053908961695,1.0016764164238134
150,CG,1.5762063145390384,1.854123812461367,1.001673092178223
150,CG,1.5765790832705895,1.8544458808576558,1.0016758653787896
150,CG,1.576596845737271,1.8544638292225264,1.0016730792582587
150,CG,1.5767649554682408,1.8547044207688477,1.0016750796271803
150,CG,1.5767720384031714,1.8547171648920209,1.0016729978855337
150,CG,1.5768216941546687,1.854880914222698,1.0016744742482924
150,CG,1.576823044521156,1.854889339446167,1.0016729260217534
150,CG,1.5768125786319191,1.8549993792428143,1.001674065223687
150,CG,1.576811046615123,1.8550050643422562,1.0016728316752503
150,CG,1.5767647129957922,1.8550840854029194,1.0016738277567885
150,CG,1.5767611524168852,1.8550882210019533,1.0016727027797534
150,CG,1.5766775454384392,1.855147186552193,1.001673805659394
150,CG,1.5766709235395728,1.855150588139941,1.0016725745274884
150,CG,1.5765370297176178,1.855186358304367,1.0016739212536903
150,CG,1.5765250556665864,1.8551883217413032,1.0016724187467907
150,CG,1.5763196171493428,1.8551860288736592,1.0016740260905734
150,CG,1.576301607563407,1.8551843587595884,1.0016722292353608
150,CG,1.5760165008550135,1.855117436762249,1.0016742080746863
150,CG,1.5759931445181865,1.8551102624793727,1.0016721574322425
150,CG,1.5756834130033184,1.854972727963575,1.0016742994436154
150,CG,1.5756612396471585,1.8549610647619155,1.0016722455569267
150,CG,1.5754099555065109,1.8547887973012782,1.0016742947930741
150,CG,1.5753946209759928,1.8547765085160388,1.0016724943400956
150,CG,1.57524443785062,1.854620335534881,1.001674221579689
150,CG,1.575236541989541,1.8546104273363833,1.0016727930791962
150,CG,1.5751699188612527,1.8544932617987728,1.0016741373005762
150,CG,1.5751669920887112,1.854486262659434,1.0016730511872611
150,CG,1.575149982778969,1.8544048094877041,1.0016740809204498
150,CG,1.5751497282424987,1.8543999872182508,1.0016732382155644
150,CG,1.5751593849166305,1.854342373220139,1.0016740682419085
150,CG,1.5751606150065784,1.8543389194158508,1.001673366801895
150,CG,1.5751877865429793,1.8542970090750794,1.0016741767612352
150,CG,1.5751905294639985,1.8542938253488532,1.0016734774565428
150,CG,1.5752332855386617,1.8542627770225684,1.0016742467589277
150,CG,1.57523774559627,1.8542603260016526,1.0016735044580694
150,CG,1.575305787870052,1.8542389241602015,1.0016744085514313
150,CG,1.5753133823603915,1.8542372985016158,1.0016735224103774
150,CG,1.5754159744422962,1.8542324531166343,1.0016745471824247
150,CG,1.5754272517094177,1.8542328032762456,1.0016734955495203
150,CG,1.5755719051446644,1.8542567746118024,1.001674710719978
150,CG,1.575587672560576,1.8542603860253917,1.001673471169735
150,CG,1.5757568769973773,1.8543204875370132,1.0016747529867358
150,CG,1.575774270562323,1.854327757384845,1.0016734227029342
150,CG,1.5759336240164583,1.854415793435744,1.0016746308706157
150,CG,1.5759480707390237,1.8544248906644223,1.001673368159762
150,CG,1.5760755984652526,1.8545270002472933,1.001674514593913
150,CG,1.576085585090751,1.8545358766675502,1.001673488305724
150,CG,1.576142455004528,1.8546181296936217,1.0016752469588666
150,CG,1.5761597351435699,1.8546440803693791,1.00167347557393
150,CG,1.5761683016358277,1.854676297295995,1.0016742054640466
150,CG,1.5761699057391494,1.8546847350072997,1.0016730065289692
150,CG,1.5761724423801118,1.8547052057113904,1.0016724646776518
150,CG,1.5761733795127209,1.8547162913941597,1.0016738193863102
150,CG,1.5761733561883469,1.8547410039197807,1.0016738932300886
150,CG,1.5761730628321249,1.8547418869311627,1.0016733177634702
150,CG,1.5760886418535556,1.8547936321118113,1.0016735840034647
150,CG,1.5760875969657495,1.8547938193477758,1.0016731493846744
150,CG,1.5758710169106829,1.8547543415706327,1.0016736693122315
150,CG,1.575868623672355,1.8547534311605613,1.0016731001606924
150,CG,1.5756991370743152,1.8546329664777033,1.0016736407529196
150,CG,1.5756983930114634,1.8546320499670734,1.0016732801877717
150,CG,1.57567423120505,1.854570988042244,1.0016735893052067
150,CG,1.5756742811305533,1.854570669249719,1.0016734280203865
150,CG,1.5756853671741056,1.8545498872099788,1.001673575659342
150,CG,1.5756856400492063,1.8545497676207603,1.0016734568104249
150,CG,1.5757133367146245,1.8545431254275833,1.0016735808952582
150,CG,1.5757144990370664,1.854543499790307,1.001673360384956
150,CG,1.5757772139772463,1.8545670370384963,1.0016729587879576
150,CG,1.575783450864605,1.8545694542186792,1.001673551679931
150,CG,1.5758022689760793,1.8546032746675938,1.001673384331142
150,CG,1.5758024154789128,1.854603562066889,1.0016734946692534
150,CG,1.5758023822983278,1.8546035688084648,1.0016735211575538
150,CG,1.5757924815901183,1.8546055600375537,1.001673531525377
150,CG,1.5757924266835186,1.8546055596042712,1.001673495765168
150,CG,1.575787113469991,1.854597858728893,1.0016735017371963
150,CG,1.5757871029188286,1.8545978554598388,1.0016735107601595
150,CG,1.575784772963258,1.8545983455921333,1.001673489302327
200,CG,0.7479529861448287,2.830636361523683,1.035668483028826
200,CG,0.7744988388495065,2.804183981499546,0.9733761014266946
200,CG,1.375110888843381,2.198762337588577,1.0589329280217774
200,CG,1.5465404928037088,2.0252105651392407,0.9989416168555851
200,CG,1.5764445043104969,1.9929768395142202,1.0027585019333751
200,CG,1.6215976072785003,1.9438833544490828,1.0009851416418805
200,CG,1.6216042021416983,1.9437853092049486,1.0003333993721875
200,CG,1.625121530257986,1.8899209609856935,1.0004184908132912
200,CG,1.6249380951449073,1.889827224012387,1.000337336348902
200,CG,1.5574319539721906,1.8603205149781434,1.0005660310275843
200,CG,1.5564449106826743,1.8598955940402406,1.0004298215635077
200,CG,1.5564429095455596,1.8599045841917652,1.0004158900655415
200,CG,1.5558787165583228,1.862443456131056,1.0004165320809102
200,CG,1.5558812404309512,1.8624505259656818,1.0004207031332697
200,CG,1.5564021000811366,1.8639045489950192,1.0004161631849717
200,CG,1.5571268840105998,1.8641265019932378,1.0004377636016262
200,CG,1.5584172758534103,1.864519991635933,1.0004155608828609
200,CG,1.5584373601711743,1.8645257238113706,1.0004161415570532
200,CG,1.5584584836652973,1.8645293026521617,1.0004157674280134
200,CG,1.558469526800843,1.8645306820597718,1.0004163377509259
200,CG,1.55848969111132,1.8645325283312106,1.000416359739196
200,CG,1.5584899775481884,1.8645323241692766,1.0004159629232643
200,CG,1.5585231496706613,1.8644571964102685,1.0004157153897355
200,CG,1.5585234610704812,1.8644563582719544,1.0004161524097288
200,CG,1.5584573637577288,1.864414971829869,1.0004161102905245
200,CG,1.558457222947609,1.8644149213429477,1.0004162086795618
200,CG,1.5584550625432871,1.8644145451437908,1.0004164511344504
200,CG,1.5584374254152265,1.864411534783574,1.000416840467724
200,CG,1.5584188930970317,1.8644083758971681,1.0004160638866793
200,CG,1.5584107316357405,1.864406963691118,1.0004161714283222
200,CG,1.558406286358247,1.8644025501066754,1.0004160815203222
200,CG,1.558404613137317,1.8644008810789974,1.0004161733886598
5,L-BFGS-B,1.2668551881831474,2.4829423387606657,1.6197573205039977
5,L-BFGS-B,2.135244963787493,1.633554846756669,0.8438062088052143
5,L-BFGS-B,1.9910230588401796,1.8027190865581841,0.9044265635732661
5,L-BFGS-B,1.7661115765688835,1.9411217266871268,1.0560332055081185
5,L-BFGS-B,1.5716184651502052,2.012251070285105,1.1781540306985574
5,L-BFGS-B,1.47698909671981,2.023064696121327,1.1892613483322554
5,L-BFGS-B,1.1838675004371721,1.9976702538032338,1.1515624547650456
5,L-BFGS-B,1.114015311882481,1.917022109673962,1.1316257427849825
5,L-BFGS-B,0.965474470563926,1.667398520376374,1.1489857049812178
5,L-BFGS-B,0.8785465586477466,1.5535524382099477,1.1947459347077203
5,L-BFGS-B,0.8632108607796661,1.4872348943217042,1.2652477825588104
5,L-BFGS-B,0.8340868654620295,1.47644108062681,1.2866613924061923
5,L-BFGS-B,0.8423183936072008,1.485656037951321,1.2922948441465614
5,L-BFGS-B,0.8423372967895932,1.4857879276003136,1.2921621528379574
5,L-BFGS-B,0.8423410107292972,1.4858019893829664,1.2921524349700988
8,L-BFGS-B,1.2189047718025252,2.5701375295298003,1.4537453107196097
8,L-BFGS-B,1.6381183424013668,2.2874798101377816,0.9963887299304035
8,L-BFGS-B,1.637947273097224,2.265320225400236,1.0009044927780988
8,L-BFGS-B,1.639446565142032,2.129818081391757,1.0123182878735366
8,L-BFGS-B,1.6199631208629608,2.1095029711274673,1.0134124799481548
8,L-BFGS-B,1.3350564745192253,1.9059551765797424,1.0192370092160945
8,L-BFGS-B,1.1469058701388777,1.818126627967998,1.0152593582253238
8,L-BFGS-B,1.2259086798309535,1.87249599050378,1.0131888543795937
8,L-BFGS-B,1.2204196150289437,1.8789973868611114,1.0132029651559904
8,L-BFGS-B,1.2182511669656828,1.8834235542171738,1.0130308194586857
8,L-BFGS-B,1.2184193934393845,1.8834818741691761,1.0130427846452683
8,L-BFGS-B,1.2184267517595095,1.883487259999826,1.013040936839099
10,L-BFGS-B,1.1789550631003582,2.5891846390553304,1.3915176571976065
10,L-BFGS-B,1.4695522138431278,2.3902004224532076,1.0221048020310415
10,L-BFGS-B,1.5152484361050753,2.3345440069030325,0.975320053442553
10,L-BFGS-B,1.5297783249417123,2.2955054825359085,0.9769059407942084
10,L-BFGS-B,1.5663950512628493,2.0981281475515248,1.0082483101602664
10,L-BFGS-B,1.5712092883281537,2.0630823250653747,1.0078728844919376
10,L-BFGS-B,1.5593904357344062,2.042993772146864,1.0072076868663307
10,L-BFGS-B,1.4935967256332463,1.9813160611927227,1.0055232199183077
10,L-BFGS-B,1.3946962493503932,1.9225322201898964,1.004881454830049
10,L-BFGS-B,1.3178627170571722,1.901997459245545,1.0063497286882745
10,L-BFGS-B,1.3264940356674706,1.9194776596383543,1.0066727520593888
10,L-BFGS-B,1.3300951831058874,1.9246069574496927,1.0067558214927008
10,L-BFGS-B,1.3299651302374293,1.9245701466244685,1.0067548146344918
12,L-BFGS-B,1.143125169921598,2.6110967567721763,1.340345330327909
12,L-BFGS-B,1.3655994350786256,2.4555489619151536,1.004067209373286
12,L-BFGS-B,1.4113657513705615,2.399318420640672,0.9586793155936834
12,L-BFGS-B,1.440191048771806,2.3436128063226755,0.9564582805182671
12,L-BFGS-B,1.5189181979762811,2.1158754852310713,0.9874136808472502
12,L-BFGS-B,1.5436291815705636,2.0387481422446774,0.9947081672830449
12,L-BFGS-B,1.5492858709023427,2.0129740570281096,0.9944114980197777
12,L-BFGS-B,1.5422987018421903,2.0028491468544707,0.993971022050117
12,L-BFGS-B,1.4893774491859433,1.9586467632584639,0.9921845564179844
12,L-BFGS-B,1.4392652771295023,1.934358870649362,0.9919424463062785
12,L-BFGS-B,1.4062470505803628,1.9285879021235077,0.9938873996725385
12,L-BFGS-B,1.40966804494047,1.9350171886399314,0.993616352608104
12,L-BFGS-B,1.4105586311901264,1.9362636708694247,0.9935751538584107
12,L-BFGS-B,1.4105419439282292,1.9362574340797405,0.9935720792229895
14,L-BFGS-B,1.117387334608646,2.6203319946459884,1.3110260637909894
14,L-BFGS-B,1.3065528594104265,2.473425058059228,0.9481587781031964
14,L-BFGS-B,1.3214855313209068,2.439133082621526,0.9800612397953391
14,L-BFGS-B,1.3995942972516717,2.305038734330272,1.0197644100339982
14,L-BFGS-B,1.4831131687706791,2.1609956181500345,1.0239237825783623
14,L-BFGS-B,1.5266279390609747,2.043679573444144,1.0083611522942741
14,L-BFGS-B,1.5424641777067376,1.9999877375426776,1.0058586423743823
14,L-BFGS-B,1.5441223177530905,1.9893424949880263,1.0062159938774258
14,L-BFGS-B,1.5383026292072595,1.9825532298131718,1.006346575847866
14,L-BFGS-B,1.4918117830768678,1.950872489737543,1.0067497451720384
14,L-BFGS-B,1.463573203000414,1.9426589361881446,1.0066982935954512
14,L-BFGS-B,1.4602224659526182,1.9455809319124038,1.0071244682959966
14,L-BFGS-B,1.4606654927888716,1.9459797113306885,1.0068866845581952
14,L-BFGS-B,1.4608336310246943,1.946169347339554,1.0068581728400636
14,L-BFGS-B,1.4608388091060203,1.9461756273638642,1.0068582759767202
16,L-BFGS-B,1.0897873075094535,2.6343453237380525,1.2799669524052943
16,L-BFGS-B,1.2962979947130266,2.4611321287366987,0.7958145367662891
16,L-BFGS-B,1.2649245361073362,2.4715183323834156,0.9736724860173444
16,L-BFGS-B,1.2952661953483187,2.434432053191162,0.979127041780673
16,L-BFGS-B,1.4684739823700577,2.1951397493157856,0.9960155867302103
16,L-BFGS-B,1.5360252904273397,2.0781270353886505,0.9963471486473695
16,L-BFGS-B,1.5721834233211394,1.9951130203088883,0.9961937061201231
16,L-BFGS-B,1.5732036630239241,1.9718627096061945,0.9961007030317132
16,L-BFGS-B,1.565451660759348,1.962284960123774,0.9960953616453926
16,L-BFGS-B,1.527639109718329,1.9363860013552325,0.996139185653343
16,L-BFGS-B,1.495843531572214,1.926789823017012,0.9961755428688439
16,L-BFGS-B,1.491345263104437,1.9291468129687344,0.9964830351404009
16,L-BFGS-B,1.4920026603108039,1.9300182560127133,0.9964208921170555
16,L-BFGS-B,1.492154613248255,1.9301256948644703,0.9964212744920288
18,L-BFGS-B,1.0676372396985112,2.64401939642234,1.2576619543739256
18,L-BFGS-B,1.1573234072026037,2.559410327993146,0.9946389991784003
18,L-BFGS-B,1.2138405237637684,2.498780382101577,0.9586548317979308
18,L-BFGS-B,1.3177483410826665,2.377981515926553,0.9536385272195016
18,L-BFGS-B,1.4429302900080345,2.1735818525878035,0.9872312208016354
18,L-BFGS-B,1.5169511663260562,2.0584154990920696,0.9960518442485787
18,L-BFGS-B,1.563999485991873,1.9925797857708787,0.9941065136881514
18,L-BFGS-B,1.5759691667086577,1.9736697539539354,0.9927295206361866
18,L-BFGS-B,1.5764446140572674,1.9713728096166883,0.9925321889843455
18,L-BFGS-B,1.5756621169853355,1.969028785779242,0.9923444722762361
18,L-BFGS-B,1.5716721292254843,1.9642973990036146,0.9920562566509646
18,L-BFGS-B,1.56149585905647,1.9569348806194267,0.9917959260983914
18,L-BFGS-B,1.544692076464059,1.9487363446878068,0.9918549037870156
18,L-BFGS-B,1.5338887478521657,1.945962043478724,0.9930322424928645
18,L-BFGS-B,1.5322957855522004,1.9481776677412395,0.9925195487748579
18,L-BFGS-B,1.533138638189845,1.9487933623268145,0.9925349514750094
18,L-BFGS-B,1.533156792965063,1.9488904553985824,0.9925453575734567
20,L-BFGS-B,1.051810205086129,2.652327932205753,1.2419567091264003
20,L-BFGS-B,1.1149914547463722,2.5768225243608973,0.9748732947390175
20,L-BFGS-B,1.1730879938805268,2.522991160717933,0.9750777402174592
20,L-BFGS-B,1.3623204226421968,2.3051767519375392,1.004922200629109
20,L-BFGS-B,1.4731668041474126,2.166371973984653,1.0027806408013706
20,L-BFGS-B,1.5563495880695033,2.047125844941553,1.0039937651613604
20,L-BFGS-B,1.5906479172221946,1.9844365602305287,1.0035052126099486
20,L-BFGS-B,1.5940417512157852,1.967874097757478,1.0034532896486514
20,L-BFGS-B,1.5895481570083967,1.9625925464941862,1.0034414356319323
20,L-BFGS-B,1.5631807458384066,1.9452975931323377,1.0034220968165077
20,L-BFGS-B,1.5476365967577208,1.9412885705539602,1.0034573530498312
20,L-BFGS-B,1.5449804980131319,1.9426854947102024,1.003174654155203
20,L-BFGS-B,1.5445414539366293,1.9430052664353963,1.003438226028803
20,L-BFGS-B,1.545299026921739,1.942971422462222,1.0033453701190191
20,L-BFGS-B,1.545307633127094,1.9429824120967236,1.0033450585521297
25,L-BFGS-B,1.0094362495014912,2.6707797199302163,1.204959928755394
25,L-BFGS-B,1.0547870146799934,2.573252491491503,0.8033532003097247
25,L-BFGS-B,1.1079406274109045,2.5578075711135457,0.9750988721355859
25,L-BFGS-B,1.168570219269634,2.511202883516749,0.9920982645039791
25,L-BFGS-B,1.3635782105521648,2.331459557563831,1.0035249723683528
25,L-BFGS-B,1.4712933495681142,2.1831612123847046,0.9966147474812884
25,L-BFGS-B,1.5649725106992796,2.0547662622975267,0.9971987274285168
25,L-BFGS-B,1.6106116043738177,1.9752214437129942,0.9977239191019612
25,L-BFGS-B,1.6160996688094678,1.9505802675675892,0.9977692348430421
25,L-BFGS-B,1.6113844356395182,1.9442203903905828,0.9978691700067813
25,L-BFGS-B,1.5913508732717956,1.9298985141513083,0.9980647343999096
25,L-BFGS-B,1.5753941339378938,1.9246021867272092,0.9982255133976331
25,L-BFGS-B,1.569949487088087,1.925003031656317,0.9981313463562438
25,L-BFGS-B,1.5700173931461083,1.9252738183308797,0.9981834455445395
25,L-BFGS-B,1.5703166285390444,1.9259967052871771,0.9981376880263381
25,L-BFGS-B,1.5704770565677122,1.9261138518803238,0.9981330615691814
30,L-BFGS-B,0.9826952578085608,2.682757747925253,1.1836896168811342
30,L-BFGS-B,0.9981256334732288,2.6266585978357178,0.9405152626640287
30,L-BFGS-B,1.062348622070351,2.5839168781563058,0.9779818232976609
30,L-BFGS-B,1.2369826111267699,2.44410059440066,1.0131688144430362
30,L-BFGS-B,1.3793314090397502,2.2936332987414914,1.0092143446014274
30,L-BFGS-B,1.5022101647993327,2.145305291970874,1.0018572591991526
30,L-BFGS-B,1.5933974880445216,2.0353738951988185,1.0012750389255285
30,L-BFGS-B,1.6420867700751698,1.9685884309452826,1.0020982088403958
30,L-BFGS-B,1.6475871965939595,1.9469186362476745,1.0015693147770088
30,L-BFGS-B,1.6473282103288043,1.94231510018407,1.0018913289297993
30,L-BFGS-B,1.6452809604247076,1.9390093777488084,1.0021272150233558
30,L-BFGS-B,1.6387717431609343,1.9335703563536537,1.0024151759071909
30,L-BFGS-B,1.6249361000010556,1.9259334260963776,1.002597011100235
30,L-BFGS-B,1.6095057727746986,1.9197253869691082,1.002266986157593
30,L-BFGS-B,1.600409427399182,1.9227812819765302,1.0025573775292704
30,L-BFGS-B,1.6035281256179748,1.9225635837937645,1.0020347982877524
30,L-BFGS-B,1.6050660594498654,1.9233295616018493,1.0020935363951835
30,L-BFGS-B,1.6050846489095068,1.9233953304593097,1.0020917128718474
35,L-BFGS-B,0.9525051013877681,2.700194149482844,1.1601454975927497
35,L-BFGS-B,0.9628010184472091,2.6564392182624053,0.9774633780848149
35,L-BFGS-B,1.0200936797194153,2.6104266300613466,0.9729425111018922
35,L-BFGS-B,1.2184710369794658,2.4269633381278046,0.994443794544687
35,L-BFGS-B,1.3485331607278783,2.281571350478547,0.9970061552892506
35,L-BFGS-B,1.469290455847182,2.1268718979192536,0.9984355176476168
35,L-BFGS-B,1.554990080715079,2.0040342081414946,0.998167987001423
35,L-BFGS-B,1.5979946280995412,1.9372797256100283,0.9985318495462728
35,L-BFGS-B,1.6098204854948286,1.9226668238854463,0.9977746452524728
35,L-BFGS-B,1.6109338350565903,1.9211243676874354,0.9981969829166004
35,L-BFGS-B,1.6109919481818313,1.9210937498038103,0.9982030868333416
35,L-BFGS-B,1.6113490361502807,1.9210408897897713,0.998226610085118
35,L-BFGS-B,1.6120162340423145,1.9211343338375482,0.9982515818647193
35,L-BFGS-B,1.6134381522524546,1.9216239346160113,0.998275968321999
35,L-BFGS-B,1.615213305044576,1.9225956444473664,0.9982708505407157
35,L-BFGS-B,1.6160131772828483,1.9236779021185384,0.9982196339535931
35,L-BFGS-B,1.6160187725077342,1.9237121895736427,0.9982008081619841
35,L-BFGS-B,1.6159803067853615,1.9236982639022893,0.9981994463150641
45,L-BFGS-B,0.9188800378965689,2.716086869264788,1.137484580979621
45,L-BFGS-B,0.9334299912888161,2.677113513726203,0.9912615634145303
45,L-BFGS-B,0.9758977787062169,2.636185269444783,0.9762724157822477
45,L-BFGS-B,1.138084764458869,2.479204253946383,0.9783102527675483
45,L-BFGS-B,1.2714347693597683,2.313248045657133,1.0052731149387157
45,L-BFGS-B,1.38822923305033,2.168511844373086,1.0073642577844522
45,L-BFGS-B,1.496551838548124,2.0275583100431525,0.9971985396008873
45,L-BFGS-B,1.5614336135578053,1.9420325989327878,1.0004422327149867
45,L-BFGS-B,1.5907302911672376,1.9041596881889906,1.0022968898959856
45,L-BFGS-B,1.5957187551987828,1.8983774034968262,1.0023259043428543
45,L-BFGS-B,1.601169828142722,1.90036370918246,1.002202833129574
45,L-BFGS-B,1.624254464091257,1.9116786358737423,1.0020643560195983
45,L-BFGS-B,1.625895092724552,1.9123819777857967,1.0022970774206725
45,L-BFGS-B,1.6279945929187782,1.9144712017623176,1.0022647660433537
45,L-BFGS-B,1.6279756997839931,1.9145369550488651,1.002264576989056
60,L-BFGS-B,0.8804914726662847,2.7380927249398335,1.113077896036636
60,L-BFGS-B,0.9011400848849911,2.699907293671705,0.9804720582746875
60,L-BFGS-B,0.9334994387973693,2.666166717992143,0.9725525834481218
60,L-BFGS-B,1.1049816449554473,2.483033392421711,0.982440919488323
60,L-BFGS-B,1.2243978941221558,2.3211681183947173,0.9995773418072481
60,L-BFGS-B,1.3421400777149892,2.157745657998974,0.9999765372115561
60,L-BFGS-B,1.4415817197080905,2.0106559488729228,0.9973692082575042
60,L-BFGS-B,1.511528711376936,1.9076628480398437,0.9996817410551884
60,L-BFGS-B,1.541884279996065,1.8683881153779753,0.9977702564315877
60,L-BFGS-B,1.5475029229371713,1.86150024361635,0.9985018919039665
60,L-BFGS-B,1.548875365537455,1.860294361242646,0.9986644758524897
60,L-BFGS-B,1.5502979648883155,1.8596647076762935,0.998780976879109
60,L-BFGS-B,1.5547293794250618,1.8590792806910297,0.9990273175478984
60,L-BFGS-B,1.5636407441457063,1.860178889918174,0.9993318050826563
60,L-BFGS-B,1.5823805337819932,1.866231733073638,0.9996605770282382
60,L-BFGS-B,1.610586412923971,1.880436724033823,0.9997111757371353
60,L-BFGS-B,1.6342513977633184,1.898422616875255,0.9990337247028156
60,L-BFGS-B,1.636027370468772,1.90597907457093,0.9986971635910431
60,L-BFGS-B,1.6331478767865635,1.9058128014140583,0.9985958006218486
60,L-BFGS-B,1.6320462218097602,1.9054272127862772,0.9985887997722738
60,L-BFGS-B,1.6320420229390638,1.9054076033551857,0.9985877989283604
90,L-BFGS-B,0.8332303277796886,2.767661363711275,1.0862296203447297
90,L-BFGS-B,0.8599724403398732,2.731412258996711,0.9747536306161417
90,L-BFGS-B,0.884849780234004,2.7039760373266253,0.9744015973603745
90,L-BFGS-B,1.0561710053667348,2.491113822280891,0.9971165321855195
90,L-BFGS-B,1.162554020807242,2.3369052550932556,0.9988380668326093
90,L-BFGS-B,1.2733620287061753,2.162704346958699,0.9995794028937681
90,L-BFGS-B,1.369969651533669,2.000840341453751,0.9998298825866837
90,L-BFGS-B,1.442877685423057,1.8894442092699384,0.9999591701081896
90,L-BFGS-B,1.4908100911731768,1.8457655584856958,0.999688798664362
90,L-BFGS-B,1.516005199677623,1.8344980286306087,1.000010995468969
90,L-BFGS-B,1.5331868397535395,1.832871305060107,0.9998630835833845
90,L-BFGS-B,1.5606626915720785,1.8384244153141627,0.9997923534840937
90,L-BFGS-B,1.6053742948964318,1.8600387180173341,1.001198838948869
90,L-BFGS-B,1.632502852131935,1.8802653737009214,0.9997663389136018
90,L-BFGS-B,1.62950522465748,1.8890131920594575,0.9996781922064427
90,L-BFGS-B,1.6233134849684328,1.8941819173493621,0.9997536514551857
90,L-BFGS-B,1.624246549525196,1.8945365889107768,0.9997755784714477
90,L-BFGS-B,1.6239917311331684,1.8944051329017584,0.9997729290590681
120,L-BFGS-B,0.7994614194672727,2.7916431568923317,1.0689198293482711
120,L-BFGS-B,0.8279226425582324,2.757885273331729,0.973763086263971
120,L-BFGS-B,0.8508255697203118,2.7326115145688306,0.9755699363582027
120,L-BFGS-B,1.0135060191021672,2.5205805359095415,0.9973550152044528
120,L-BFGS-B,1.1158514859746327,2.368718675267025,0.9995791017769071
120,L-BFGS-B,1.2247345101517406,2.19318350987551,0.9999612012315833
120,L-BFGS-B,1.3232960856795415,2.0248767646162524,1.0002152590437807
120,L-BFGS-B,1.4030136520405365,1.896367003951754,1.0002398058045385
120,L-BFGS-B,1.458955093177476,1.8299728424598762,1.0001670633659483
120,L-BFGS-B,1.4916101483921418,1.814525841676388,1.0001608203484778
120,L-BFGS-B,1.526111859982816,1.8211731391028176,1.0001314455617598
120,L-BFGS-B,1.5845796978953195,1.8520932260663816,1.0001074218156056
120,L-BFGS-B,1.5845829092360844,1.852139368160914,1.0000647914202339
120,L-BFGS-B,1.6017311753811656,1.8668916706660088,1.0000731202880784
120,L-BFGS-B,1.6021010960687785,1.8706996721628908,1.000077400011189
120,L-BFGS-B,1.6010280451041004,1.8710465662146754,1.000078309148819
120,L-BFGS-B,1.6007821978133927,1.8709669057962064,1.0000783726342553
150,L-BFGS-B,0.7753301747478958,2.8094112688832142,1.0577318691345936
150,L-BFGS-B,0.8035397401556327,2.7779252606706644,0.9726792411745669
150,L-BFGS-B,0.8257525651091326,2.753691210504124,0.9750492793252852
150,L-BFGS-B,0.9871204622937788,2.5462953306265086,0.9960846151991982
150,L-BFGS-B,1.0893331838268094,2.396580708621989,0.9984356090385941
150,L-BFGS-B,1.196999646634213,2.2230616907816896,0.9987570325961588
150,L-BFGS-B,1.2947136652623492,2.057651598132941,0.9988655862765103
150,L-BFGS-B,1.3783198969840407,1.9193048438363065,0.9989328300022784
150,L-BFGS-B,1.4383065119047338,1.8415070720884326,0.9988578228018137
150,L-BFGS-B,1.4740696574053802,1.816699857115901,0.998837618862138
150,L-BFGS-B,1.5006102268489738,1.8192450567083769,0.9988232073801291
150,L-BFGS-B,1.5578873617361144,1.8457163570251416,0.9987911901654286
150,L-BFGS-B,1.557940195498819,1.845840427130276,0.9987294300164208
150,L-BFGS-B,1.5793476209964987,1.862423942675252,0.9987583313827718
150,L-BFGS-B,1.5809936966649267,1.8678372726112038,0.9987698156369559
150,L-BFGS-B,1.5797834312306938,1.8685244324824999,0.9987717460609499
150,L-BFGS-B,1.579426555305137,1.8684353165662644,0.9987717594187159
200,L-BFGS-B,0.7441729253419076,2.8335206405179423,1.0446653961064643
200,L-BFGS-B,0.7719511515095191,2.8048584949986104,0.9747613641247754
200,L-BFGS-B,0.7947545980755238,2.7808251264743875,0.977740050020481
200,L-BFGS-B,0.9563047373533842,2.5842928500257414,0.998215818432038
200,L-BFGS-B,1.0606382384640143,2.4411509646619103,1.0005082136804204
200,L-BFGS-B,1.1713103625381664,2.2699888526891217,1.0007534584122972
200,L-BFGS-B,1.2729866878340699,2.0994691350256636,1.0008390445093267
200,L-BFGS-B,1.3612204187887527,1.9446457564651882,1.0009433925472266
200,L-BFGS-B,1.4221455734748611,1.8551776276819523,1.000859328671656
200,L-BFGS-B,1.4596991548699183,1.8186142018890414,1.0008179697965085
200,L-BFGS-B,1.4802029189250903,1.8163778207928607,1.0008046914286732
200,L-BFGS-B,1.5224212360491038,1.8293714019107055,1.0007849168782903
200,L-BFGS-B,1.5232862013482316,1.8302423092865563,1.000610007054672
200,L-BFGS-B,1.5529289761347693,1.848024558938976,1.0007160548805611
200,L-BFGS-B,1.5598041964289984,1.858349484611752,1.0007661825405196
200,L-BFGS-B,1.5583425955359957,1.8608003209297197,1.0007752941981316
200,L-BFGS-B,1.5573568831330453,1.860729661237945,1.0007746315792814
200,L-BFGS-B,1.5572518951222845,1.8606728267252624,1.00077439179145
5,Newton-CG,6.844712660629063,-1.2555911522279866,-1.1876802787555603
5,Newton-CG,6.748253791235414,-1.8182947763809878,-1.1794999616249917
5,Newton-CG,6.667935718954466,-2.0264917217415324,-1.1439103666257222
5,Newton-CG,6.584063316977125,-1.920604240582497,-1.046269277959283
5,Newton-CG,6.483805749580353,-2.041239508578228,-0.9771128761402801
5,Newton-CG,6.4092654220518455,-1.9354231833699411,-0.8834233171788969
5,Newton-CG,6.296727346883939,-2.0574357923070603,-0.8017711255455484
5,Newton-CG,6.224925033431649,-1.9499102039522562,-0.7048990005081084
5,Newton-CG,6.102045423122234,-2.0769756875121477,-0.6125028358038662
5,Newton-CG,6.028423910320819,-1.9666302734404273,-0.5060816257382307
5,Newton-CG,5.896578296918174,-2.1031342460781044,-0.404402030562569
5,Newton-CG,5.816953362660111,-1.9889604440752489,-0.28037727420003955
5,Newton-CG,5.675229635711359,-2.141739935384522,-0.16911581426267502
5,Newton-CG,5.584025840485318,-2.0232478547498847,-0.013496048944161454
5,Newton-CG,5.427579544246293,-2.2054348625670945,0.11054017027025845
5,Newton-CG,5.3139182373491,-2.0862596291364763,0.32925823254180087
5,Newton-CG,5.130307902176691,-2.3298165474617507,0.47172322801185207
5,Newton-CG,4.9549342251242585,-2.2466186952182468,0.8618670733580703
5,Newton-CG,4.609605111050009,-2.5658740898715284,1.200454953293049
5,Newton-CG,4.359700928730882,-2.862436699327973,0.9873612381214464
5,Newton-CG,3.6943607341275264,-2.98630453947956,0.9853958130990492
5,Newton-CG,2.6398834162682556,-2.7524358370463355,1.003828715886059
5,Newton-CG,1.3536507389773005,-2.3256417206191657,1.0380499161320622
5,Newton-CG,1.4175053599928629,-2.093757905755214,1.0547818853112758
5,Newton-CG,1.1494678332490456,-1.8928652698150774,1.0908993028440972
5,Newton-CG,0.812576638078336,-1.5238628684831728,1.219626054536838
5,Newton-CG,0.8553222312431517,-1.5124158488536084,1.267230759859334
5,Newton-CG,0.8528571421550901,-1.5143665490388682,1.2814946513112913
5,Newton-CG,0.8395659222625685,-1.4897139385775868,1.2948940960386055
5,Newton-CG,0.8387121885489179,-1.4894354918774395,1.293384355731128
5,Newton-CG,0.8385107273768526,-1.489286160094416,1.2935141896508637
5,Newton-CG,0.8385105664390985,-1.4892865563704212,1.2935142737720067
8,Newton-CG,8.45729194823641,-1.7466348486757166,-4.092590906243724
8,Newton-CG,8.325928400478524,-3.3184304124305877,-4.217461343230386
8,Newton-CG,8.636721761008825,-4.882075650502393,-5.375945976258482
8,Newton-CG,8.635518773615564,-7.087486996139354,-6.499855932157313
8,Newton-CG,7.060565266426519,-10.972009952383512,-8.130888492431843
8,Newton-CG,4.028579262361865,-16.92954265218772,-11.910185757999184
8,Newton-CG,4.611190066646494,-16.971536999362854,-12.124953941356585
8,Newton-CG,4.813652687765192,-17.0636555242866,-12.239522738842322
8,Newton-CG,4.454362179657292,-20.108654549819775,-13.307195108009807
8,Newton-CG,3.8945294701086386,-27.722469104690585,-15.339131162084954
8,Newton-CG,4.542030864971115,-41.738840941312134,-13.341931357036403
8,Newton-CG,3.9069012690601896,-43.08424420454137,-15.484578888749464
8,Newton-CG,3.979512613037977,-43.098341858948324,-15.505115048118409
8,Newton-CG,3.86482873977654,-51.89130227877879,-16.091795773752274
8,Newton-CG,3.514373532532041,-71.87817618600027,-17.795908848903263
8,Newton-CG,3.5403749330453183,-71.88511223607912,-17.801980000229406
8,Newton-CG,3.4200039923886525,-81.22781233866291,-18.494998438230205
8,Newton-CG,3.333087512514503,-101.46015500376319,-19.164956713807936
8,Newton-CG,3.037980587868337,-148.27093006566193,-21.14065442024962
8,Newton-CG,3.062039266397989,-148.27293812449102,-21.140862982280797
8,Newton-CG,3.1213867829951676,-172.7623446325992,-20.85387537279422
8,Newton-CG,3.1912804687829937,-229.5930571696319,-20.5761551330428
8,Newton-CG,3.293374195938966,-351.1372948360689,-19.37648543584052
8,Newton-CG,3.4020521370343078,-351.13781904418283,-19.397065369328704
8,Newton-CG,3.324516345787052,-351.26644403044753,-19.902180614110815
8,Newton-CG,3.358457491608755,-404.84350786415257,-19.783275988542854
8,Newton-CG,3.3514883619008535,-404.84399451225534,-19.78267863740097
8,Newton-CG,3.356177520998709,-439.42288525563646,-19.786820801276562
8,Newton-CG,3.345957263008761,-513.9910369309162,-19.824115897796897
8,Newton-CG,3.3571134633193895,-513.991357520482,-19.826185639837334
8,Newton-CG,3.3561236596479462,-548.4881784739971,-19.848910541128163
8,Newton-CG,3.356708180406039,-548.4886173993373,-19.849084262042517
8,Newton-CG,3.409766155793277,-665.0578599859622,-19.625963733664314
8,Newton-CG,3.383384628373175,-665.0865007719052,-19.748605290341118
8,Newton-CG,3.376220911795695,-665.1165619991388,-19.799549379778572
8,Newton-CG,3.385008461664006,-724.1154964020512,-19.775077262735767
8,Newton-CG,3.3814678316534237,-724.115686997255,-19.77472584406371
8,Newton-CG,3.3815653055349126,-815.5893870291486,-19.802498411896345
8,Newton-CG,3.3811971543300468,-815.5897952207305,-19.802650754235636
8,Newton-CG,3.3886198997381802,-890.3220651856398,-19.787915917144527
10,Newton-CG,3.084584494957185,1.4435757135731453,-0.3480560201742864
10,Newton-CG,3.16062675284418,1.6195703912466188,3.5139115977633737
10,Newton-CG,3.4555477123543192,1.9348039940453057,3.6111501019225805
10,Newton-CG,4.2493397642213,2.323909550518392,3.959545994419327
10,Newton-CG,5.815768130100076,2.6738964152045015,5.111602086085983
10,Newton-CG,7.179824499188444,3.907749392956477,6.682155122477607
10,Newton-CG,7.483577736551822,5.734310175873986,7.342394204999045
10,Newton-CG,7.295005136162757,8.356460862268,8.107185051786345
10,Newton-CG,5.8916073403081235,12.978133634488598,10.198658313183582
10,Newton-CG,3.743496527570793,20.649119892091136,14.5577547844488
10,Newton-CG,4.171299394560853,20.67438404040217,14.671829844251308
10,Newton-CG,4.289340456729186,20.721924360435338,14.713094489729073
10,Newton-CG,4.226693479197299,22.595924777512153,14.994498331848925
10,Newton-CG,4.113109778796788,26.755423170575867,15.52362019899647
10,Newton-CG,4.043867165263834,36.628565955388595,16.021941914572327
10,Newton-CG,3.6886285161592234,61.59194573392444,17.69209798285901
10,Newton-CG,3.7190615503870035,61.59962847376641,17.700217167236186
10,Newton-CG,3.5431213668696344,73.13217243015538,18.661226428603367
10,Newton-CG,2.7833305753686943,98.15464340219992,22.645035933016736
10,Newton-CG,2.934102899449303,98.15704737670127,22.660476104306973
10,Newton-CG,3.4364728763110586,101.11354867735623,19.009530096815936
10,Newton-CG,3.5144695973714852,101.11705860125801,19.02815718392776
12,Newton-CG,2.8191560716561948,1.5937473689388613,-0.41964541418144163
12,Newton-CG,2.8794744750120875,1.6911587828774421,0.9042178786165971
12,Newton-CG,2.8681654421624114,1.725721828486907,1.0036009415857103
12,Newton-CG,2.7551209404335952,2.0386639715482704,0.9946413719350357
12,Newton-CG,2.551260189095808,2.404853358424017,0.988329601430216
12,Newton-CG,1.74117851587411,2.1735046040984822,0.989104503286842
12,Newton-CG,1.7152360963065034,2.0747386775793255,0.9887435182364611
12,Newton-CG,1.5313047006341032,2.004630321069972,0.9889546803947356
12,Newton-CG,1.3938509881605465,1.9438916857566537,0.9890901865580225
12,Newton-CG,1.4135536162743005,1.9507629408550455,0.9890583646827883
12,Newton-CG,1.414202754994077,1.9510003773295574,0.9890579937847858
12,Newton-CG,1.4142052411458426,1.9510024302412765,0.9890576101173371
14,Newton-CG,2.3305588552463816,1.8826030978201034,-0.06140479060325532
14,Newton-CG,2.3393437591452937,1.909319284754408,0.9827048384709558
14,Newton-CG,2.157746635326914,2.2368021556457536,0.9940258810586939
14,Newton-CG,1.6474638468521443,2.073213196457752,0.9941302630935888
14,Newton-CG,1.630426112519677,2.008363093840817,0.9939460815132947
14,Newton-CG,1.5169492963151832,1.965392281876433,0.9940539205289718
14,Newton-CG,1.4654440957202792,1.9443339141281644,0.9940954065324629
14,Newton-CG,1.4687749788733557,1.9455097190634965,0.9940922793399752
14,Newton-CG,1.4687878063695137,1.9455138488044503,0.994092179476159
16,Newton-CG,1.8639646156472682,2.157710820406713,0.32952021779416296
16,Newton-CG,1.8648028198235242,2.1677473232340856,1.5159150055345358
16,Newton-CG,1.8711439954580793,2.1593656761125137,1.1468306796982037
16,Newton-CG,1.8712347657232198,2.1550377878977764,0.9809547782203295
16,Newton-CG,1.8703405389376233,2.1535318847387854,0.9945689654060013
16,Newton-CG,1.7567319356982258,2.097437960784006,0.9948768798989972
16,Newton-CG,1.508851163408949,1.9618873071408516,0.9956299698194317
16,Newton-CG,1.5109887071721328,1.9431164967176646,0.995757063289843
16,Newton-CG,1.4774322905396258,1.9279179231805927,0.9958096542504673
16,Newton-CG,1.47882362620055,1.928414574752299,0.9958097901289041
16,Newton-CG,1.4788316722258796,1.9284176017639578,0.9958094244663559
18,Newton-CG,1.564395923830227,2.334695836888012,0.5779343365404104
18,Newton-CG,1.5692398435191006,2.328718341448492,1.2513720032955913
18,Newton-CG,1.579661119812446,2.3057104387820595,0.9127334065380486
18,Newton-CG,1.583062598998648,2.297827133046845,0.9849482720535664
18,Newton-CG,1.6690704968062295,2.086091611698453,0.9883019290013952
18,Newton-CG,1.6784766495462757,1.9925374267380356,0.9882129530183701
18,Newton-CG,1.4583868096293313,1.9022230353696283,0.9884003168042426
18,Newton-CG,1.4987999379391073,1.9151053384737105,0.9883537731064137
18,Newton-CG,1.5013803985474448,1.9159154095261597,0.9883557518739128
18,Newton-CG,1.5013981916479644,1.9159258143668751,0.9883540048774363
20,Newton-CG,1.5720077296346604,2.325447328907785,0.5298367090453608
20,Newton-CG,1.5749741243298006,2.322949088510237,0.9950951232830451
20,Newton-CG,1.6677931736830396,2.1015793531946434,1.0031636545927116
20,Newton-CG,1.687242067037221,2.0124790848836436,1.0027165374268248
20,Newton-CG,1.5420934216791982,1.9442447803185114,1.0028474843885626
20,Newton-CG,1.559814685246969,1.949480335967831,1.00283960874476
20,Newton-CG,1.5602711653557033,1.9496170447034278,1.0028361931995682
20,Newton-CG,1.5602705398644205,1.9496163307630048,1.0028360422984528
25,Newton-CG,1.2926737965558541,2.486897472137305,0.7573862339290578
25,Newton-CG,1.3030943500714214,2.47214623793872,1.0233597228548612
25,Newton-CG,1.462356530757817,2.2049969846163453,0.9977076383280186
25,Newton-CG,1.564465976317009,2.0127461854038895,0.9978781461029267
25,Newton-CG,1.5944529510115844,1.9435057341822854,0.9976787209312336
25,Newton-CG,1.573079966494832,1.9288272681005416,0.9976751980005912
25,Newton-CG,1.5734721911442686,1.9289371060554275,0.9976678499183522
30,Newton-CG,1.210092592886439,2.535292636503443,0.792519849106033
30,Newton-CG,1.2224560787078216,2.518868257478631,1.0090261076072422
30,Newton-CG,1.3956890134848778,2.2579840895760834,0.9972561058812969
30,Newton-CG,1.5320627355932621,2.030807783222545,0.998121409119234
30,Newton-CG,1.5892799039130356,1.9170113902240502,0.9980561770991759
30,Newton-CG,1.5938141916289406,1.90744407109787,0.9979404046197303
30,Newton-CG,1.594229223508562,1.9075460570031457,0.9979397691244692
30,Newton-CG,1.594229220348778,1.9075460406010065,0.9979393431242718
35,Newton-CG,1.1452609009479346,2.5708992406041857,0.819658326996755
35,Newton-CG,1.1593034148824393,2.5525773564610006,1.0064369277094023
35,Newton-CG,1.3425976918210158,2.2859705666685595,1.001932742532515
35,Newton-CG,1.4812500941033029,2.0624094412801117,1.0028537930684371
35,Newton-CG,1.5605547727554852,1.9272408064188093,1.002767723779457
35,Newton-CG,1.5788566756628666,1.9069015828797917,1.0026310956970814
35,Newton-CG,1.6134289911389352,1.9245312441450644,1.0025756736489004
35,Newton-CG,1.6147014105408404,1.9248868478539196,1.0025850621466048
35,Newton-CG,1.6147241136401869,1.9248974482213035,1.002584992572733
35,Newton-CG,1.6147233796398819,1.9249000461657186,1.0025850702170755
45,Newton-CG,1.052918348360187,2.6258896494358273,0.8515324784010005
45,Newton-CG,1.0695798621075499,2.605397264186853,0.9956714653735351
45,Newton-CG,1.2584832553506373,2.3535506267131088,0.9964076803877122
45,Newton-CG,1.4173424658068463,2.1171833176282693,0.9980730794797115
45,Newton-CG,1.5313434547781575,1.934464399545039,0.9981734436381177
45,Newton-CG,1.5677870570727848,1.8864409913350049,0.997981754329808
45,Newton-CG,1.6204354869636977,1.9100694103518607,0.9979282696056452
45,Newton-CG,1.623659007070018,1.9109232623753505,0.9979212539293234
45,Newton-CG,1.6236725007561958,1.910927459313248,0.9979210386805131
60,Newton-CG,1.0000995891339972,2.6555650849359047,0.8308578826126869
60,Newton-CG,1.0157979245413717,2.637198078914382,1.0029109677541495
60,Newton-CG,1.204938566848154,2.3947729325080886,0.9995537801533736
60,Newton-CG,1.3695404771099309,2.1570288200397316,1.0014127518779765
60,Newton-CG,1.500606349149795,1.9556226807722745,1.001521553579777
60,Newton-CG,1.5558305050252115,1.8794936481024171,1.0013576495178742
60,Newton-CG,1.624145237161891,1.9041426700043302,1.0013552591926451
60,Newton-CG,1.6241543503620042,1.904138885345605,1.0012857603691465
60,Newton-CG,1.6247711382951353,1.9043070649149576,1.0012859999574788
60,Newton-CG,1.6260868963305166,1.9046662409234791,1.0012861608641295
60,Newton-CG,1.629158419793431,1.905502802012971,1.0012860351979511
60,Newton-CG,1.6303398921781176,1.9058305966570603,1.0012872460268796
60,Newton-CG,1.6303318728328158,1.905828849815102,1.0012870749645315
90,Newton-CG,0.942831838989546,2.6916492437308572,0.784131291367933
90,Newton-CG,0.9566757121911023,2.676520166808763,1.0121376470867216
90,Newton-CG,1.1425182130325513,2.449520720221855,0.9951022980966244
90,Newton-CG,1.3128604341219579,2.2127741392325024,0.9970469644170373
90,Newton-CG,1.462228497803166,1.9884436928757034,0.9972732037414448
90,Newton-CG,1.5352984220166643,1.8808773875703255,0.9971327987174788
90,Newton-CG,1.5682336005070543,1.863341976203609,0.997103309239531
90,Newton-CG,1.624895213109134,1.8989599233950487,0.997034945725195
90,Newton-CG,1.6248984353329403,1.8989587853669063,0.9970575186054754
120,Newton-CG,0.8999148911490376,2.722281424583643,0.7463749939388351
120,Newton-CG,0.9129557888960289,2.708780088019249,1.0275932338945997
120,Newton-CG,0.929700513520543,2.6891072390440254,0.9747074911359671
120,Newton-CG,1.0305013131579992,2.569377247317102,0.9842426165057098
120,Newton-CG,1.216307739457112,2.3302791593758454,0.9941986842102445
120,Newton-CG,1.3821751510714393,2.095103448916882,0.9945522604243199
120,Newton-CG,1.4953788092118265,1.9165868372733526,0.9946466483948916
120,Newton-CG,1.5435316021092198,1.8556704688184562,0.9945446176111055
120,Newton-CG,1.6040209970067152,1.8810618476501755,0.9945121280446244
120,Newton-CG,1.608499238955585,1.882378232166956,0.9945112647041664
120,Newton-CG,1.6085010482268243,1.8823682293899837,0.9945109180111937
150,Newton-CG,0.883847147927983,2.734085153983054,0.6946466901779274
150,Newton-CG,0.8959442025373328,2.7220276034974105,1.0750027678438605
150,Newton-CG,0.9103351936841538,2.705119266128273,0.9828569014249607
150,Newton-CG,1.1002841194561583,2.481839530736618,0.9966602298196752
150,Newton-CG,1.2698342411963506,2.2527387693844476,0.997974910163698
150,Newton-CG,1.4273808003872137,2.0205592187374806,0.9982261134354276
150,Newton-CG,1.517286746222705,1.8815761692894573,0.9981389232175434
150,Newton-CG,1.5479071861923588,1.8430583492832389,0.9981177684128203
150,Newton-CG,1.5805223138590887,1.8588747239676755,0.9981024987539429
150,Newton-CG,1.5816545878602937,1.8596233159745876,0.9981017529820229
150,Newton-CG,1.5816545879857102,1.85962331613343,0.9981017490583551
200,Newton-CG,0.850212250296117,2.7609153201370806,0.640879259320392
200,Newton-CG,0.8622005225583556,2.7496455941262963,1.1520116447246656
200,Newton-CG,0.8776569377811179,2.7318428710312967,0.9794307090822683
200,Newton-CG,1.069457310837671,2.5112650731761526,0.9995181581805543
200,Newton-CG,1.2371815538089883,2.284900193765061,1.0007055731762946
200,Newton-CG,1.394392051712593,2.054857499203307,1.000876589340083
200,Newton-CG,1.4900874442953953,1.905130529039812,1.0008229806420978
200,Newton-CG,1.5276939041180158,1.858086563022779,1.0007871968734263
200,Newton-CG,1.5668922926128503,1.8758534761395012,1.0007721885768113
200,Newton-CG,1.568608239153594,1.876352095154649,1.0007718894612905
